vendor,vendor_slug,asset_kind,variant,size_px,file,source_url,vendor_site,asset_basis,legal_status,safe_zone_percent,transparent_background
Suno,suno,vendor,color,512,svg/color/vendors/suno-vendor-color-512.svg,https://thesvg.org/icon/suno,https://suno.com,community-vector,Trademark identification; verify permission for commercial brand use.,12.5,True
Suno,suno,vendor,color,256,svg/color/vendors/suno-vendor-color-256.svg,https://thesvg.org/icon/suno,https://suno.com,community-vector,Trademark identification; verify permission for commercial brand use.,12.5,True
Suno,suno,vendor,color,128,svg/color/vendors/suno-vendor-color-128.svg,https://thesvg.org/icon/suno,https://suno.com,community-vector,Trademark identification; verify permission for commercial brand use.,12.5,True
Suno,suno,product,color,512,svg/color/products/suno-product-color-512.svg,https://thesvg.org/icon/suno,https://suno.com,community-vector,Trademark identification; verify permission for commercial brand use.,12.5,True
Suno,suno,product,color,256,svg/color/products/suno-product-color-256.svg,https://thesvg.org/icon/suno,https://suno.com,community-vector,Trademark identification; verify permission for commercial brand use.,12.5,True
Suno,suno,product,color,128,svg/color/products/suno-product-color-128.svg,https://thesvg.org/icon/suno,https://suno.com,community-vector,Trademark identification; verify permission for commercial brand use.,12.5,True
Suno,suno,vendor,monochrome,512,svg/monochrome/vendors/suno-vendor-monochrome-512.svg,https://thesvg.org/icon/suno,https://suno.com,community-vector,Trademark identification; verify permission for commercial brand use.,12.5,True
Suno,suno,vendor,monochrome,256,svg/monochrome/vendors/suno-vendor-monochrome-256.svg,https://thesvg.org/icon/suno,https://suno.com,community-vector,Trademark identification; verify permission for commercial brand use.,12.5,True
Suno,suno,vendor,monochrome,128,svg/monochrome/vendors/suno-vendor-monochrome-128.svg,https://thesvg.org/icon/suno,https://suno.com,community-vector,Trademark identification; verify permission for commercial brand use.,12.5,True
Suno,suno,product,monochrome,512,svg/monochrome/products/suno-product-monochrome-512.svg,https://thesvg.org/icon/suno,https://suno.com,community-vector,Trademark identification; verify permission for commercial brand use.,12.5,True
Suno,suno,product,monochrome,256,svg/monochrome/products/suno-product-monochrome-256.svg,https://thesvg.org/icon/suno,https://suno.com,community-vector,Trademark identification; verify permission for commercial brand use.,12.5,True
Suno,suno,product,monochrome,128,svg/monochrome/products/suno-product-monochrome-128.svg,https://thesvg.org/icon/suno,https://suno.com,community-vector,Trademark identification; verify permission for commercial brand use.,12.5,True
Kling AI,kling-ai,vendor,color,512,svg/color/vendors/kling-ai-vendor-color-512.svg,https://kling.ai,https://kling.ai,typographic-fallback,Trademark identification; fallback is not an official supplied logo asset.,12.5,True
Kling AI,kling-ai,vendor,color,256,svg/color/vendors/kling-ai-vendor-color-256.svg,https://kling.ai,https://kling.ai,typographic-fallback,Trademark identification; fallback is not an official supplied logo asset.,12.5,True
Kling AI,kling-ai,vendor,color,128,svg/color/vendors/kling-ai-vendor-color-128.svg,https://kling.ai,https://kling.ai,typographic-fallback,Trademark identification; fallback is not an official supplied logo asset.,12.5,True
Kling AI,kling-ai,product,color,512,svg/color/products/kling-ai-product-color-512.svg,https://kling.ai,https://kling.ai,typographic-fallback,Trademark identification; fallback is not an official supplied logo asset.,12.5,True
Kling AI,kling-ai,product,color,256,svg/color/products/kling-ai-product-color-256.svg,https://kling.ai,https://kling.ai,typographic-fallback,Trademark identification; fallback is not an official supplied logo asset.,12.5,True
Kling AI,kling-ai,product,color,128,svg/color/products/kling-ai-product-color-128.svg,https://kling.ai,https://kling.ai,typographic-fallback,Trademark identification; fallback is not an official supplied logo asset.,12.5,True
Kling AI,kling-ai,vendor,monochrome,512,svg/monochrome/vendors/kling-ai-vendor-monochrome-512.svg,https://kling.ai,https://kling.ai,typographic-fallback,Trademark identification; fallback is not an official supplied logo asset.,12.5,True
Kling AI,kling-ai,vendor,monochrome,256,svg/monochrome/vendors/kling-ai-vendor-monochrome-256.svg,https://kling.ai,https://kling.ai,typographic-fallback,Trademark identification; fallback is not an official supplied logo asset.,12.5,True
Kling AI,kling-ai,vendor,monochrome,128,svg/monochrome/vendors/kling-ai-vendor-monochrome-128.svg,https://kling.ai,https://kling.ai,typographic-fallback,Trademark identification; fallback is not an official supplied logo asset.,12.5,True
Kling AI,kling-ai,product,monochrome,512,svg/monochrome/products/kling-ai-product-monochrome-512.svg,https://kling.ai,https://kling.ai,typographic-fallback,Trademark identification; fallback is not an official supplied logo asset.,12.5,True
Kling AI,kling-ai,product,monochrome,256,svg/monochrome/products/kling-ai-product-monochrome-256.svg,https://kling.ai,https://kling.ai,typographic-fallback,Trademark identification; fallback is not an official supplied logo asset.,12.5,True
Kling AI,kling-ai,product,monochrome,128,svg/monochrome/products/kling-ai-product-monochrome-128.svg,https://kling.ai,https://kling.ai,typographic-fallback,Trademark identification; fallback is not an official supplied logo asset.,12.5,True
Leonardo AI,leonardo-ai,vendor,color,512,svg/color/vendors/leonardo-ai-vendor-color-512.svg,https://leonardo.ai,https://leonardo.ai,typographic-fallback,Trademark identification; fallback is not an official supplied logo asset.,12.5,True
Leonardo AI,leonardo-ai,vendor,color,256,svg/color/vendors/leonardo-ai-vendor-color-256.svg,https://leonardo.ai,https://leonardo.ai,typographic-fallback,Trademark identification; fallback is not an official supplied logo asset.,12.5,True
Leonardo AI,leonardo-ai,vendor,color,128,svg/color/vendors/leonardo-ai-vendor-color-128.svg,https://leonardo.ai,https://leonardo.ai,typographic-fallback,Trademark identification; fallback is not an official supplied logo asset.,12.5,True
Leonardo AI,leonardo-ai,product,color,512,svg/color/products/leonardo-ai-product-color-512.svg,https://leonardo.ai,https://leonardo.ai,typographic-fallback,Trademark identification; fallback is not an official supplied logo asset.,12.5,True
Leonardo AI,leonardo-ai,product,color,256,svg/color/products/leonardo-ai-product-color-256.svg,https://leonardo.ai,https://leonardo.ai,typographic-fallback,Trademark identification; fallback is not an official supplied logo asset.,12.5,True
Leonardo AI,leonardo-ai,product,color,128,svg/color/products/leonardo-ai-product-color-128.svg,https://leonardo.ai,https://leonardo.ai,typographic-fallback,Trademark identification; fallback is not an official supplied logo asset.,12.5,True
Leonardo AI,leonardo-ai,vendor,monochrome,512,svg/monochrome/vendors/leonardo-ai-vendor-monochrome-512.svg,https://leonardo.ai,https://leonardo.ai,typographic-fallback,Trademark identification; fallback is not an official supplied logo asset.,12.5,True
Leonardo AI,leonardo-ai,vendor,monochrome,256,svg/monochrome/vendors/leonardo-ai-vendor-monochrome-256.svg,https://leonardo.ai,https://leonardo.ai,typographic-fallback,Trademark identification; fallback is not an official supplied logo asset.,12.5,True
Leonardo AI,leonardo-ai,vendor,monochrome,128,svg/monochrome/vendors/leonardo-ai-vendor-monochrome-128.svg,https://leonardo.ai,https://leonardo.ai,typographic-fallback,Trademark identification; fallback is not an official supplied logo asset.,12.5,True
Leonardo AI,leonardo-ai,product,monochrome,512,svg/monochrome/products/leonardo-ai-product-monochrome-512.svg,https://leonardo.ai,https://leonardo.ai,typographic-fallback,Trademark identification; fallback is not an official supplied logo asset.,12.5,True
Leonardo AI,leonardo-ai,product,monochrome,256,svg/monochrome/products/leonardo-ai-product-monochrome-256.svg,https://leonardo.ai,https://leonardo.ai,typographic-fallback,Trademark identification; fallback is not an official supplied logo asset.,12.5,True
Leonardo AI,leonardo-ai,product,monochrome,128,svg/monochrome/products/leonardo-ai-product-monochrome-128.svg,https://leonardo.ai,https://leonardo.ai,typographic-fallback,Trademark identification; fallback is not an official supplied logo asset.,12.5,True
CapCut,capcut,vendor,color,512,svg/color/vendors/capcut-vendor-color-512.svg,https://thesvg.org/icon/capcut,https://www.capcut.com,community-vector,theSVG lists MIT for icon file; CapCut trademark remains owned by its proprietor.,12.5,True
CapCut,capcut,vendor,color,256,svg/color/vendors/capcut-vendor-color-256.svg,https://thesvg.org/icon/capcut,https://www.capcut.com,community-vector,theSVG lists MIT for icon file; CapCut trademark remains owned by its proprietor.,12.5,True
CapCut,capcut,vendor,color,128,svg/color/vendors/capcut-vendor-color-128.svg,https://thesvg.org/icon/capcut,https://www.capcut.com,community-vector,theSVG lists MIT for icon file; CapCut trademark remains owned by its proprietor.,12.5,True
CapCut,capcut,product,color,512,svg/color/products/capcut-product-color-512.svg,https://thesvg.org/icon/capcut,https://www.capcut.com,community-vector,theSVG lists MIT for icon file; CapCut trademark remains owned by its proprietor.,12.5,True
CapCut,capcut,product,color,256,svg/color/products/capcut-product-color-256.svg,https://thesvg.org/icon/capcut,https://www.capcut.com,community-vector,theSVG lists MIT for icon file; CapCut trademark remains owned by its proprietor.,12.5,True
CapCut,capcut,product,color,128,svg/color/products/capcut-product-color-128.svg,https://thesvg.org/icon/capcut,https://www.capcut.com,community-vector,theSVG lists MIT for icon file; CapCut trademark remains owned by its proprietor.,12.5,True
CapCut,capcut,vendor,monochrome,512,svg/monochrome/vendors/capcut-vendor-monochrome-512.svg,https://thesvg.org/icon/capcut,https://www.capcut.com,community-vector,theSVG lists MIT for icon file; CapCut trademark remains owned by its proprietor.,12.5,True
CapCut,capcut,vendor,monochrome,256,svg/monochrome/vendors/capcut-vendor-monochrome-256.svg,https://thesvg.org/icon/capcut,https://www.capcut.com,community-vector,theSVG lists MIT for icon file; CapCut trademark remains owned by its proprietor.,12.5,True
CapCut,capcut,vendor,monochrome,128,svg/monochrome/vendors/capcut-vendor-monochrome-128.svg,https://thesvg.org/icon/capcut,https://www.capcut.com,community-vector,theSVG lists MIT for icon file; CapCut trademark remains owned by its proprietor.,12.5,True
CapCut,capcut,product,monochrome,512,svg/monochrome/products/capcut-product-monochrome-512.svg,https://thesvg.org/icon/capcut,https://www.capcut.com,community-vector,theSVG lists MIT for icon file; CapCut trademark remains owned by its proprietor.,12.5,True
CapCut,capcut,product,monochrome,256,svg/monochrome/products/capcut-product-monochrome-256.svg,https://thesvg.org/icon/capcut,https://www.capcut.com,community-vector,theSVG lists MIT for icon file; CapCut trademark remains owned by its proprietor.,12.5,True
CapCut,capcut,product,monochrome,128,svg/monochrome/products/capcut-product-monochrome-128.svg,https://thesvg.org/icon/capcut,https://www.capcut.com,community-vector,theSVG lists MIT for icon file; CapCut trademark remains owned by its proprietor.,12.5,True
Cloudflare,cloudflare,vendor,color,512,svg/color/vendors/cloudflare-vendor-color-512.svg,https://www.cloudflare.com/press/press-kit/,https://www.cloudflare.com,fontawesome-brand-glyph,Cloudflare trademark/brand guidelines apply; Font Awesome glyph used as technical source.,12.5,True
Cloudflare,cloudflare,vendor,color,256,svg/color/vendors/cloudflare-vendor-color-256.svg,https://www.cloudflare.com/press/press-kit/,https://www.cloudflare.com,fontawesome-brand-glyph,Cloudflare trademark/brand guidelines apply; Font Awesome glyph used as technical source.,12.5,True
Cloudflare,cloudflare,vendor,color,128,svg/color/vendors/cloudflare-vendor-color-128.svg,https://www.cloudflare.com/press/press-kit/,https://www.cloudflare.com,fontawesome-brand-glyph,Cloudflare trademark/brand guidelines apply; Font Awesome glyph used as technical source.,12.5,True
Cloudflare,cloudflare,product,color,512,svg/color/products/cloudflare-product-color-512.svg,https://www.cloudflare.com/press/press-kit/,https://www.cloudflare.com,fontawesome-brand-glyph,Cloudflare trademark/brand guidelines apply; Font Awesome glyph used as technical source.,12.5,True
Cloudflare,cloudflare,product,color,256,svg/color/products/cloudflare-product-color-256.svg,https://www.cloudflare.com/press/press-kit/,https://www.cloudflare.com,fontawesome-brand-glyph,Cloudflare trademark/brand guidelines apply; Font Awesome glyph used as technical source.,12.5,True
Cloudflare,cloudflare,product,color,128,svg/color/products/cloudflare-product-color-128.svg,https://www.cloudflare.com/press/press-kit/,https://www.cloudflare.com,fontawesome-brand-glyph,Cloudflare trademark/brand guidelines apply; Font Awesome glyph used as technical source.,12.5,True
Cloudflare,cloudflare,vendor,monochrome,512,svg/monochrome/vendors/cloudflare-vendor-monochrome-512.svg,https://www.cloudflare.com/press/press-kit/,https://www.cloudflare.com,fontawesome-brand-glyph,Cloudflare trademark/brand guidelines apply; Font Awesome glyph used as technical source.,12.5,True
Cloudflare,cloudflare,vendor,monochrome,256,svg/monochrome/vendors/cloudflare-vendor-monochrome-256.svg,https://www.cloudflare.com/press/press-kit/,https://www.cloudflare.com,fontawesome-brand-glyph,Cloudflare trademark/brand guidelines apply; Font Awesome glyph used as technical source.,12.5,True
Cloudflare,cloudflare,vendor,monochrome,128,svg/monochrome/vendors/cloudflare-vendor-monochrome-128.svg,https://www.cloudflare.com/press/press-kit/,https://www.cloudflare.com,fontawesome-brand-glyph,Cloudflare trademark/brand guidelines apply; Font Awesome glyph used as technical source.,12.5,True
Cloudflare,cloudflare,product,monochrome,512,svg/monochrome/products/cloudflare-product-monochrome-512.svg,https://www.cloudflare.com/press/press-kit/,https://www.cloudflare.com,fontawesome-brand-glyph,Cloudflare trademark/brand guidelines apply; Font Awesome glyph used as technical source.,12.5,True
Cloudflare,cloudflare,product,monochrome,256,svg/monochrome/products/cloudflare-product-monochrome-256.svg,https://www.cloudflare.com/press/press-kit/,https://www.cloudflare.com,fontawesome-brand-glyph,Cloudflare trademark/brand guidelines apply; Font Awesome glyph used as technical source.,12.5,True
Cloudflare,cloudflare,product,monochrome,128,svg/monochrome/products/cloudflare-product-monochrome-128.svg,https://www.cloudflare.com/press/press-kit/,https://www.cloudflare.com,fontawesome-brand-glyph,Cloudflare trademark/brand guidelines apply; Font Awesome glyph used as technical source.,12.5,True
Principle,principle,vendor,color,512,svg/color/vendors/principle-vendor-color-512.svg,https://principleformac.com,https://principleformac.com,typographic-fallback,Trademark identification; fallback is not an official supplied logo asset.,12.5,True
Principle,principle,vendor,color,256,svg/color/vendors/principle-vendor-color-256.svg,https://principleformac.com,https://principleformac.com,typographic-fallback,Trademark identification; fallback is not an official supplied logo asset.,12.5,True
Principle,principle,vendor,color,128,svg/color/vendors/principle-vendor-color-128.svg,https://principleformac.com,https://principleformac.com,typographic-fallback,Trademark identification; fallback is not an official supplied logo asset.,12.5,True
Principle,principle,product,color,512,svg/color/products/principle-product-color-512.svg,https://principleformac.com,https://principleformac.com,typographic-fallback,Trademark identification; fallback is not an official supplied logo asset.,12.5,True
Principle,principle,product,color,256,svg/color/products/principle-product-color-256.svg,https://principleformac.com,https://principleformac.com,typographic-fallback,Trademark identification; fallback is not an official supplied logo asset.,12.5,True
Principle,principle,product,color,128,svg/color/products/principle-product-color-128.svg,https://principleformac.com,https://principleformac.com,typographic-fallback,Trademark identification; fallback is not an official supplied logo asset.,12.5,True
Principle,principle,vendor,monochrome,512,svg/monochrome/vendors/principle-vendor-monochrome-512.svg,https://principleformac.com,https://principleformac.com,typographic-fallback,Trademark identification; fallback is not an official supplied logo asset.,12.5,True
Principle,principle,vendor,monochrome,256,svg/monochrome/vendors/principle-vendor-monochrome-256.svg,https://principleformac.com,https://principleformac.com,typographic-fallback,Trademark identification; fallback is not an official supplied logo asset.,12.5,True
Principle,principle,vendor,monochrome,128,svg/monochrome/vendors/principle-vendor-monochrome-128.svg,https://principleformac.com,https://principleformac.com,typographic-fallback,Trademark identification; fallback is not an official supplied logo asset.,12.5,True
Principle,principle,product,monochrome,512,svg/monochrome/products/principle-product-monochrome-512.svg,https://principleformac.com,https://principleformac.com,typographic-fallback,Trademark identification; fallback is not an official supplied logo asset.,12.5,True
Principle,principle,product,monochrome,256,svg/monochrome/products/principle-product-monochrome-256.svg,https://principleformac.com,https://principleformac.com,typographic-fallback,Trademark identification; fallback is not an official supplied logo asset.,12.5,True
Principle,principle,product,monochrome,128,svg/monochrome/products/principle-product-monochrome-128.svg,https://principleformac.com,https://principleformac.com,typographic-fallback,Trademark identification; fallback is not an official supplied logo asset.,12.5,True
Box,box,vendor,color,512,svg/color/vendors/box-vendor-color-512.svg,https://www.box.com,https://www.box.com,typographic-fallback,Box trademark identification; fallback is not an official supplied logo asset.,12.5,True
Box,box,vendor,color,256,svg/color/vendors/box-vendor-color-256.svg,https://www.box.com,https://www.box.com,typographic-fallback,Box trademark identification; fallback is not an official supplied logo asset.,12.5,True
Box,box,vendor,color,128,svg/color/vendors/box-vendor-color-128.svg,https://www.box.com,https://www.box.com,typographic-fallback,Box trademark identification; fallback is not an official supplied logo asset.,12.5,True
Box,box,product,color,512,svg/color/products/box-product-color-512.svg,https://www.box.com,https://www.box.com,typographic-fallback,Box trademark identification; fallback is not an official supplied logo asset.,12.5,True
Box,box,product,color,256,svg/color/products/box-product-color-256.svg,https://www.box.com,https://www.box.com,typographic-fallback,Box trademark identification; fallback is not an official supplied logo asset.,12.5,True
Box,box,product,color,128,svg/color/products/box-product-color-128.svg,https://www.box.com,https://www.box.com,typographic-fallback,Box trademark identification; fallback is not an official supplied logo asset.,12.5,True
Box,box,vendor,monochrome,512,svg/monochrome/vendors/box-vendor-monochrome-512.svg,https://www.box.com,https://www.box.com,typographic-fallback,Box trademark identification; fallback is not an official supplied logo asset.,12.5,True
Box,box,vendor,monochrome,256,svg/monochrome/vendors/box-vendor-monochrome-256.svg,https://www.box.com,https://www.box.com,typographic-fallback,Box trademark identification; fallback is not an official supplied logo asset.,12.5,True
Box,box,vendor,monochrome,128,svg/monochrome/vendors/box-vendor-monochrome-128.svg,https://www.box.com,https://www.box.com,typographic-fallback,Box trademark identification; fallback is not an official supplied logo asset.,12.5,True
Box,box,product,monochrome,512,svg/monochrome/products/box-product-monochrome-512.svg,https://www.box.com,https://www.box.com,typographic-fallback,Box trademark identification; fallback is not an official supplied logo asset.,12.5,True
Box,box,product,monochrome,256,svg/monochrome/products/box-product-monochrome-256.svg,https://www.box.com,https://www.box.com,typographic-fallback,Box trademark identification; fallback is not an official supplied logo asset.,12.5,True
Box,box,product,monochrome,128,svg/monochrome/products/box-product-monochrome-128.svg,https://www.box.com,https://www.box.com,typographic-fallback,Box trademark identification; fallback is not an official supplied logo asset.,12.5,True
Atlassian,atlassian,vendor,color,512,svg/color/vendors/atlassian-vendor-color-512.svg,https://www.atlassian.com/company/news/press-kit,https://www.atlassian.com,fontawesome-brand-glyph,Atlassian trademark guidelines apply; do not modify official Atlassian assets.,12.5,True
Atlassian,atlassian,vendor,color,256,svg/color/vendors/atlassian-vendor-color-256.svg,https://www.atlassian.com/company/news/press-kit,https://www.atlassian.com,fontawesome-brand-glyph,Atlassian trademark guidelines apply; do not modify official Atlassian assets.,12.5,True
Atlassian,atlassian,vendor,color,128,svg/color/vendors/atlassian-vendor-color-128.svg,https://www.atlassian.com/company/news/press-kit,https://www.atlassian.com,fontawesome-brand-glyph,Atlassian trademark guidelines apply; do not modify official Atlassian assets.,12.5,True
Atlassian,atlassian,product,color,512,svg/color/products/atlassian-product-color-512.svg,https://www.atlassian.com/company/news/press-kit,https://www.atlassian.com,fontawesome-brand-glyph,Atlassian trademark guidelines apply; do not modify official Atlassian assets.,12.5,True
Atlassian,atlassian,product,color,256,svg/color/products/atlassian-product-color-256.svg,https://www.atlassian.com/company/news/press-kit,https://www.atlassian.com,fontawesome-brand-glyph,Atlassian trademark guidelines apply; do not modify official Atlassian assets.,12.5,True
Atlassian,atlassian,product,color,128,svg/color/products/atlassian-product-color-128.svg,https://www.atlassian.com/company/news/press-kit,https://www.atlassian.com,fontawesome-brand-glyph,Atlassian trademark guidelines apply; do not modify official Atlassian assets.,12.5,True
Atlassian,atlassian,vendor,monochrome,512,svg/monochrome/vendors/atlassian-vendor-monochrome-512.svg,https://www.atlassian.com/company/news/press-kit,https://www.atlassian.com,fontawesome-brand-glyph,Atlassian trademark guidelines apply; do not modify official Atlassian assets.,12.5,True
Atlassian,atlassian,vendor,monochrome,256,svg/monochrome/vendors/atlassian-vendor-monochrome-256.svg,https://www.atlassian.com/company/news/press-kit,https://www.atlassian.com,fontawesome-brand-glyph,Atlassian trademark guidelines apply; do not modify official Atlassian assets.,12.5,True
Atlassian,atlassian,vendor,monochrome,128,svg/monochrome/vendors/atlassian-vendor-monochrome-128.svg,https://www.atlassian.com/company/news/press-kit,https://www.atlassian.com,fontawesome-brand-glyph,Atlassian trademark guidelines apply; do not modify official Atlassian assets.,12.5,True
Atlassian,atlassian,product,monochrome,512,svg/monochrome/products/atlassian-product-monochrome-512.svg,https://www.atlassian.com/company/news/press-kit,https://www.atlassian.com,fontawesome-brand-glyph,Atlassian trademark guidelines apply; do not modify official Atlassian assets.,12.5,True
Atlassian,atlassian,product,monochrome,256,svg/monochrome/products/atlassian-product-monochrome-256.svg,https://www.atlassian.com/company/news/press-kit,https://www.atlassian.com,fontawesome-brand-glyph,Atlassian trademark guidelines apply; do not modify official Atlassian assets.,12.5,True
Atlassian,atlassian,product,monochrome,128,svg/monochrome/products/atlassian-product-monochrome-128.svg,https://www.atlassian.com/company/news/press-kit,https://www.atlassian.com,fontawesome-brand-glyph,Atlassian trademark guidelines apply; do not modify official Atlassian assets.,12.5,True
Postman,postman,vendor,color,512,svg/color/vendors/postman-vendor-color-512.svg,https://www.postman.com,https://www.postman.com,typographic-fallback,Postman trademark identification; fallback is not an official supplied logo asset.,12.5,True
Postman,postman,vendor,color,256,svg/color/vendors/postman-vendor-color-256.svg,https://www.postman.com,https://www.postman.com,typographic-fallback,Postman trademark identification; fallback is not an official supplied logo asset.,12.5,True
Postman,postman,vendor,color,128,svg/color/vendors/postman-vendor-color-128.svg,https://www.postman.com,https://www.postman.com,typographic-fallback,Postman trademark identification; fallback is not an official supplied logo asset.,12.5,True
Postman,postman,product,color,512,svg/color/products/postman-product-color-512.svg,https://www.postman.com,https://www.postman.com,typographic-fallback,Postman trademark identification; fallback is not an official supplied logo asset.,12.5,True
Postman,postman,product,color,256,svg/color/products/postman-product-color-256.svg,https://www.postman.com,https://www.postman.com,typographic-fallback,Postman trademark identification; fallback is not an official supplied logo asset.,12.5,True
Postman,postman,product,color,128,svg/color/products/postman-product-color-128.svg,https://www.postman.com,https://www.postman.com,typographic-fallback,Postman trademark identification; fallback is not an official supplied logo asset.,12.5,True
Postman,postman,vendor,monochrome,512,svg/monochrome/vendors/postman-vendor-monochrome-512.svg,https://www.postman.com,https://www.postman.com,typographic-fallback,Postman trademark identification; fallback is not an official supplied logo asset.,12.5,True
Postman,postman,vendor,monochrome,256,svg/monochrome/vendors/postman-vendor-monochrome-256.svg,https://www.postman.com,https://www.postman.com,typographic-fallback,Postman trademark identification; fallback is not an official supplied logo asset.,12.5,True
Postman,postman,vendor,monochrome,128,svg/monochrome/vendors/postman-vendor-monochrome-128.svg,https://www.postman.com,https://www.postman.com,typographic-fallback,Postman trademark identification; fallback is not an official supplied logo asset.,12.5,True
Postman,postman,product,monochrome,512,svg/monochrome/products/postman-product-monochrome-512.svg,https://www.postman.com,https://www.postman.com,typographic-fallback,Postman trademark identification; fallback is not an official supplied logo asset.,12.5,True
Postman,postman,product,monochrome,256,svg/monochrome/products/postman-product-monochrome-256.svg,https://www.postman.com,https://www.postman.com,typographic-fallback,Postman trademark identification; fallback is not an official supplied logo asset.,12.5,True
Postman,postman,product,monochrome,128,svg/monochrome/products/postman-product-monochrome-128.svg,https://www.postman.com,https://www.postman.com,typographic-fallback,Postman trademark identification; fallback is not an official supplied logo asset.,12.5,True
TeamViewer,teamviewer,vendor,color,512,svg/color/vendors/teamviewer-vendor-color-512.svg,https://www.teamviewer.com,https://www.teamviewer.com,typographic-fallback,TeamViewer trademark identification; fallback is not an official supplied logo asset.,12.5,True
TeamViewer,teamviewer,vendor,color,256,svg/color/vendors/teamviewer-vendor-color-256.svg,https://www.teamviewer.com,https://www.teamviewer.com,typographic-fallback,TeamViewer trademark identification; fallback is not an official supplied logo asset.,12.5,True
TeamViewer,teamviewer,vendor,color,128,svg/color/vendors/teamviewer-vendor-color-128.svg,https://www.teamviewer.com,https://www.teamviewer.com,typographic-fallback,TeamViewer trademark identification; fallback is not an official supplied logo asset.,12.5,True
TeamViewer,teamviewer,product,color,512,svg/color/products/teamviewer-product-color-512.svg,https://www.teamviewer.com,https://www.teamviewer.com,typographic-fallback,TeamViewer trademark identification; fallback is not an official supplied logo asset.,12.5,True
TeamViewer,teamviewer,product,color,256,svg/color/products/teamviewer-product-color-256.svg,https://www.teamviewer.com,https://www.teamviewer.com,typographic-fallback,TeamViewer trademark identification; fallback is not an official supplied logo asset.,12.5,True
TeamViewer,teamviewer,product,color,128,svg/color/products/teamviewer-product-color-128.svg,https://www.teamviewer.com,https://www.teamviewer.com,typographic-fallback,TeamViewer trademark identification; fallback is not an official supplied logo asset.,12.5,True
TeamViewer,teamviewer,vendor,monochrome,512,svg/monochrome/vendors/teamviewer-vendor-monochrome-512.svg,https://www.teamviewer.com,https://www.teamviewer.com,typographic-fallback,TeamViewer trademark identification; fallback is not an official supplied logo asset.,12.5,True
TeamViewer,teamviewer,vendor,monochrome,256,svg/monochrome/vendors/teamviewer-vendor-monochrome-256.svg,https://www.teamviewer.com,https://www.teamviewer.com,typographic-fallback,TeamViewer trademark identification; fallback is not an official supplied logo asset.,12.5,True
TeamViewer,teamviewer,vendor,monochrome,128,svg/monochrome/vendors/teamviewer-vendor-monochrome-128.svg,https://www.teamviewer.com,https://www.teamviewer.com,typographic-fallback,TeamViewer trademark identification; fallback is not an official supplied logo asset.,12.5,True
TeamViewer,teamviewer,product,monochrome,512,svg/monochrome/products/teamviewer-product-monochrome-512.svg,https://www.teamviewer.com,https://www.teamviewer.com,typographic-fallback,TeamViewer trademark identification; fallback is not an official supplied logo asset.,12.5,True
TeamViewer,teamviewer,product,monochrome,256,svg/monochrome/products/teamviewer-product-monochrome-256.svg,https://www.teamviewer.com,https://www.teamviewer.com,typographic-fallback,TeamViewer trademark identification; fallback is not an official supplied logo asset.,12.5,True
TeamViewer,teamviewer,product,monochrome,128,svg/monochrome/products/teamviewer-product-monochrome-128.svg,https://www.teamviewer.com,https://www.teamviewer.com,typographic-fallback,TeamViewer trademark identification; fallback is not an official supplied logo asset.,12.5,True
BrowserStack,browserstack,vendor,color,512,svg/color/vendors/browserstack-vendor-color-512.svg,https://www.browserstack.com,https://www.browserstack.com,typographic-fallback,BrowserStack trademark identification; fallback is not an official supplied logo asset.,12.5,True
BrowserStack,browserstack,vendor,color,256,svg/color/vendors/browserstack-vendor-color-256.svg,https://www.browserstack.com,https://www.browserstack.com,typographic-fallback,BrowserStack trademark identification; fallback is not an official supplied logo asset.,12.5,True
BrowserStack,browserstack,vendor,color,128,svg/color/vendors/browserstack-vendor-color-128.svg,https://www.browserstack.com,https://www.browserstack.com,typographic-fallback,BrowserStack trademark identification; fallback is not an official supplied logo asset.,12.5,True
BrowserStack,browserstack,product,color,512,svg/color/products/browserstack-product-color-512.svg,https://www.browserstack.com,https://www.browserstack.com,typographic-fallback,BrowserStack trademark identification; fallback is not an official supplied logo asset.,12.5,True
BrowserStack,browserstack,product,color,256,svg/color/products/browserstack-product-color-256.svg,https://www.browserstack.com,https://www.browserstack.com,typographic-fallback,BrowserStack trademark identification; fallback is not an official supplied logo asset.,12.5,True
BrowserStack,browserstack,product,color,128,svg/color/products/browserstack-product-color-128.svg,https://www.browserstack.com,https://www.browserstack.com,typographic-fallback,BrowserStack trademark identification; fallback is not an official supplied logo asset.,12.5,True
BrowserStack,browserstack,vendor,monochrome,512,svg/monochrome/vendors/browserstack-vendor-monochrome-512.svg,https://www.browserstack.com,https://www.browserstack.com,typographic-fallback,BrowserStack trademark identification; fallback is not an official supplied logo asset.,12.5,True
BrowserStack,browserstack,vendor,monochrome,256,svg/monochrome/vendors/browserstack-vendor-monochrome-256.svg,https://www.browserstack.com,https://www.browserstack.com,typographic-fallback,BrowserStack trademark identification; fallback is not an official supplied logo asset.,12.5,True
BrowserStack,browserstack,vendor,monochrome,128,svg/monochrome/vendors/browserstack-vendor-monochrome-128.svg,https://www.browserstack.com,https://www.browserstack.com,typographic-fallback,BrowserStack trademark identification; fallback is not an official supplied logo asset.,12.5,True
BrowserStack,browserstack,product,monochrome,512,svg/monochrome/products/browserstack-product-monochrome-512.svg,https://www.browserstack.com,https://www.browserstack.com,typographic-fallback,BrowserStack trademark identification; fallback is not an official supplied logo asset.,12.5,True
BrowserStack,browserstack,product,monochrome,256,svg/monochrome/products/browserstack-product-monochrome-256.svg,https://www.browserstack.com,https://www.browserstack.com,typographic-fallback,BrowserStack trademark identification; fallback is not an official supplied logo asset.,12.5,True
BrowserStack,browserstack,product,monochrome,128,svg/monochrome/products/browserstack-product-monochrome-128.svg,https://www.browserstack.com,https://www.browserstack.com,typographic-fallback,BrowserStack trademark identification; fallback is not an official supplied logo asset.,12.5,True
ManageEngine,manageengine,vendor,color,512,svg/color/vendors/manageengine-vendor-color-512.svg,https://www.manageengine.com/logo.html,https://www.manageengine.com,typographic-fallback,ManageEngine official logo guidelines apply; fallback avoids recreating protected multicolor swirls.,12.5,True
ManageEngine,manageengine,vendor,color,256,svg/color/vendors/manageengine-vendor-color-256.svg,https://www.manageengine.com/logo.html,https://www.manageengine.com,typographic-fallback,ManageEngine official logo guidelines apply; fallback avoids recreating protected multicolor swirls.,12.5,True
ManageEngine,manageengine,vendor,color,128,svg/color/vendors/manageengine-vendor-color-128.svg,https://www.manageengine.com/logo.html,https://www.manageengine.com,typographic-fallback,ManageEngine official logo guidelines apply; fallback avoids recreating protected multicolor swirls.,12.5,True
ManageEngine,manageengine,product,color,512,svg/color/products/manageengine-product-color-512.svg,https://www.manageengine.com/logo.html,https://www.manageengine.com,typographic-fallback,ManageEngine official logo guidelines apply; fallback avoids recreating protected multicolor swirls.,12.5,True
ManageEngine,manageengine,product,color,256,svg/color/products/manageengine-product-color-256.svg,https://www.manageengine.com/logo.html,https://www.manageengine.com,typographic-fallback,ManageEngine official logo guidelines apply; fallback avoids recreating protected multicolor swirls.,12.5,True
ManageEngine,manageengine,product,color,128,svg/color/products/manageengine-product-color-128.svg,https://www.manageengine.com/logo.html,https://www.manageengine.com,typographic-fallback,ManageEngine official logo guidelines apply; fallback avoids recreating protected multicolor swirls.,12.5,True
ManageEngine,manageengine,vendor,monochrome,512,svg/monochrome/vendors/manageengine-vendor-monochrome-512.svg,https://www.manageengine.com/logo.html,https://www.manageengine.com,typographic-fallback,ManageEngine official logo guidelines apply; fallback avoids recreating protected multicolor swirls.,12.5,True
ManageEngine,manageengine,vendor,monochrome,256,svg/monochrome/vendors/manageengine-vendor-monochrome-256.svg,https://www.manageengine.com/logo.html,https://www.manageengine.com,typographic-fallback,ManageEngine official logo guidelines apply; fallback avoids recreating protected multicolor swirls.,12.5,True
ManageEngine,manageengine,vendor,monochrome,128,svg/monochrome/vendors/manageengine-vendor-monochrome-128.svg,https://www.manageengine.com/logo.html,https://www.manageengine.com,typographic-fallback,ManageEngine official logo guidelines apply; fallback avoids recreating protected multicolor swirls.,12.5,True
ManageEngine,manageengine,product,monochrome,512,svg/monochrome/products/manageengine-product-monochrome-512.svg,https://www.manageengine.com/logo.html,https://www.manageengine.com,typographic-fallback,ManageEngine official logo guidelines apply; fallback avoids recreating protected multicolor swirls.,12.5,True
ManageEngine,manageengine,product,monochrome,256,svg/monochrome/products/manageengine-product-monochrome-256.svg,https://www.manageengine.com/logo.html,https://www.manageengine.com,typographic-fallback,ManageEngine official logo guidelines apply; fallback avoids recreating protected multicolor swirls.,12.5,True
ManageEngine,manageengine,product,monochrome,128,svg/monochrome/products/manageengine-product-monochrome-128.svg,https://www.manageengine.com/logo.html,https://www.manageengine.com,typographic-fallback,ManageEngine official logo guidelines apply; fallback avoids recreating protected multicolor swirls.,12.5,True
Sentry,sentry,vendor,color,512,svg/color/vendors/sentry-vendor-color-512.svg,https://sentry.io,https://sentry.io,typographic-fallback,Sentry trademark identification; fallback is not an official supplied logo asset.,12.5,True
Sentry,sentry,vendor,color,256,svg/color/vendors/sentry-vendor-color-256.svg,https://sentry.io,https://sentry.io,typographic-fallback,Sentry trademark identification; fallback is not an official supplied logo asset.,12.5,True
Sentry,sentry,vendor,color,128,svg/color/vendors/sentry-vendor-color-128.svg,https://sentry.io,https://sentry.io,typographic-fallback,Sentry trademark identification; fallback is not an official supplied logo asset.,12.5,True
Sentry,sentry,product,color,512,svg/color/products/sentry-product-color-512.svg,https://sentry.io,https://sentry.io,typographic-fallback,Sentry trademark identification; fallback is not an official supplied logo asset.,12.5,True
Sentry,sentry,product,color,256,svg/color/products/sentry-product-color-256.svg,https://sentry.io,https://sentry.io,typographic-fallback,Sentry trademark identification; fallback is not an official supplied logo asset.,12.5,True
Sentry,sentry,product,color,128,svg/color/products/sentry-product-color-128.svg,https://sentry.io,https://sentry.io,typographic-fallback,Sentry trademark identification; fallback is not an official supplied logo asset.,12.5,True
Sentry,sentry,vendor,monochrome,512,svg/monochrome/vendors/sentry-vendor-monochrome-512.svg,https://sentry.io,https://sentry.io,typographic-fallback,Sentry trademark identification; fallback is not an official supplied logo asset.,12.5,True
Sentry,sentry,vendor,monochrome,256,svg/monochrome/vendors/sentry-vendor-monochrome-256.svg,https://sentry.io,https://sentry.io,typographic-fallback,Sentry trademark identification; fallback is not an official supplied logo asset.,12.5,True
Sentry,sentry,vendor,monochrome,128,svg/monochrome/vendors/sentry-vendor-monochrome-128.svg,https://sentry.io,https://sentry.io,typographic-fallback,Sentry trademark identification; fallback is not an official supplied logo asset.,12.5,True
Sentry,sentry,product,monochrome,512,svg/monochrome/products/sentry-product-monochrome-512.svg,https://sentry.io,https://sentry.io,typographic-fallback,Sentry trademark identification; fallback is not an official supplied logo asset.,12.5,True
Sentry,sentry,product,monochrome,256,svg/monochrome/products/sentry-product-monochrome-256.svg,https://sentry.io,https://sentry.io,typographic-fallback,Sentry trademark identification; fallback is not an official supplied logo asset.,12.5,True
Sentry,sentry,product,monochrome,128,svg/monochrome/products/sentry-product-monochrome-128.svg,https://sentry.io,https://sentry.io,typographic-fallback,Sentry trademark identification; fallback is not an official supplied logo asset.,12.5,True
n8n,n8n,vendor,color,512,svg/color/vendors/n8n-vendor-color-512.svg,https://n8n.io/brandguidelines/,https://n8n.io,typographic-fallback,n8n brand guidelines apply; use approved brand colors and clear space.,12.5,True
n8n,n8n,vendor,color,256,svg/color/vendors/n8n-vendor-color-256.svg,https://n8n.io/brandguidelines/,https://n8n.io,typographic-fallback,n8n brand guidelines apply; use approved brand colors and clear space.,12.5,True
n8n,n8n,vendor,color,128,svg/color/vendors/n8n-vendor-color-128.svg,https://n8n.io/brandguidelines/,https://n8n.io,typographic-fallback,n8n brand guidelines apply; use approved brand colors and clear space.,12.5,True
n8n,n8n,product,color,512,svg/color/products/n8n-product-color-512.svg,https://n8n.io/brandguidelines/,https://n8n.io,typographic-fallback,n8n brand guidelines apply; use approved brand colors and clear space.,12.5,True
n8n,n8n,product,color,256,svg/color/products/n8n-product-color-256.svg,https://n8n.io/brandguidelines/,https://n8n.io,typographic-fallback,n8n brand guidelines apply; use approved brand colors and clear space.,12.5,True
n8n,n8n,product,color,128,svg/color/products/n8n-product-color-128.svg,https://n8n.io/brandguidelines/,https://n8n.io,typographic-fallback,n8n brand guidelines apply; use approved brand colors and clear space.,12.5,True
n8n,n8n,vendor,monochrome,512,svg/monochrome/vendors/n8n-vendor-monochrome-512.svg,https://n8n.io/brandguidelines/,https://n8n.io,typographic-fallback,n8n brand guidelines apply; use approved brand colors and clear space.,12.5,True
n8n,n8n,vendor,monochrome,256,svg/monochrome/vendors/n8n-vendor-monochrome-256.svg,https://n8n.io/brandguidelines/,https://n8n.io,typographic-fallback,n8n brand guidelines apply; use approved brand colors and clear space.,12.5,True
n8n,n8n,vendor,monochrome,128,svg/monochrome/vendors/n8n-vendor-monochrome-128.svg,https://n8n.io/brandguidelines/,https://n8n.io,typographic-fallback,n8n brand guidelines apply; use approved brand colors and clear space.,12.5,True
n8n,n8n,product,monochrome,512,svg/monochrome/products/n8n-product-monochrome-512.svg,https://n8n.io/brandguidelines/,https://n8n.io,typographic-fallback,n8n brand guidelines apply; use approved brand colors and clear space.,12.5,True
n8n,n8n,product,monochrome,256,svg/monochrome/products/n8n-product-monochrome-256.svg,https://n8n.io/brandguidelines/,https://n8n.io,typographic-fallback,n8n brand guidelines apply; use approved brand colors and clear space.,12.5,True
n8n,n8n,product,monochrome,128,svg/monochrome/products/n8n-product-monochrome-128.svg,https://n8n.io/brandguidelines/,https://n8n.io,typographic-fallback,n8n brand guidelines apply; use approved brand colors and clear space.,12.5,True
